Mail;Integer;Debilina
rhoncus.Proin.nisl@vel.com;1;y
nunc.sed.libero@primisin.edu;-2;y
ac.urna.Ut@Crasvulputatevelit.com;3c;n
sem.vitae.aliquam@Vivamusnon.ca;4;n
elit.fermentum.risus@torquentperconubia.edu;5;y
velit.in.aliquet@aliquetmetusurna.com;6;y
enim.Mauris@dictum.edu;7;n
elit.elit@tristiquepharetraQuisque.edu;8;n
Phasellus@sedorcilobortis.edu;9;y
convallis.erat.eget@magnisdis.org;10;y
sit.amet.consectetuer@commodoauctorvelit.org;11;n
feugiat.Sed@Fuscefeugiat.org;12;n
nec@velitduisemper.org;-13;y
Quisque@justofaucibus.edu;14;y
semper.pretium.neque@placerat.org;15;n
eu.placerat@NullainterdumCurabitur.com;16;n
in@estvitaesodales.ca;17;y
ut@Nunc.edu;18;y
hendrerit.a@faucibusorciluctus.ca;19;n
mi.tempor@risus.edu;-20;n
magnis.dis.parturient@ametconsectetueradipiscing.edu;21;y
enim.Sed.nulla@mitemporlorem.com;22;y
fermentum.convallis@egestasSed.org;23;n
ultrices.posuere@Aliquamornare.com;24;n
mattis@mus.edu;25;y
laoreet@adipiscinglobortis.edu;26;y
egestas.ligula.Nullam@nequeMorbiquis.edu;27;n
orci.adipiscing@nullaIntegervulputate.org;28;n
dolor@Donectempor.com;29;y
at.auctor@Integerinmagna.org;30;y
massa.lobortis@tristique.ca;31;n
velit.eu.sem@a.com;32;n
litora@enimnislelementum.org;33;y
commodo.ipsum@nequeIn.org;34;y
magna.sed.dui@mi.ca;35;n
ornare.tortor.at@velitegestas.com;36;n
elit.fermentum@quam.org;37;y
nec.urna@Vestibulum.edu;38;y
facilisis.non@diamnuncullamcorper.org;39;n
Donec.tincidunt@blanditatnisi.ca;40;n
ad.litora.torquent@VivamusrhoncusDonec.edu;41;y
elit@bibendumDonec.ca;42;y
Maecenas@tortornibhsit.org;43;n
auctor.vitae@augue.ca;44;n
egestas@felis.com;45;y
arcu.vel.quam@maurisMorbi.com;46;y
amet@sedsem.com;47;n
congue@accumsanneque.ca;48;n
velit@rutrummagna.com;49;y
commodo.auctor.velit@nonduinec.ca;50;y
Quisque.tincidunt.pede@massaSuspendisse.org;51;n
tempus@nuncrisusvarius.org;52;n
Nullam.nisl.Maecenas@ac.org;53;y
justo.sit@scelerisqueloremipsum.org;54;y
ipsum.leo@antedictummi.ca;55;n
dignissim@vitaenibh.edu;56;n
Donec.fringilla.Donec@afelisullamcorper.org;57;y
tristique.neque@Duis.org;58;y
adipiscing.lobortis.risus@dapibus.ca;59;n
sem.mollis.dui@leo.ca;60;n
dolor.Nulla.semper@liberomauris.edu;61;y
nec@nec.org;62;y
vel.arcu.eu@nibh.org;63;n
dictum.mi@enim.ca;64;n
vel.venenatis.vel@ipsumnuncid.ca;65;y
vitae@et.com;66;y
